id,which_concept,concept_id,term,level,score
W4312194384,1,C137668524,Censoring (clinical trials),2,0.7615558
W4312194384,2,C50382708,Proportional hazards model,2,0.75839734
W4312194384,3,C71924100,Medicine,0,0.68112534
W4312194384,4,C45804977,Predictive modelling,2,0.5935803
W4312194384,5,C10515644,Survival analysis,2,0.48234433
W4312194384,6,C152877465,Regression analysis,2,0.48123503
W4312194384,7,C105795698,Statistics,1,0.4761819
W4312194384,8,C28761237,Time horizon,2,0.46525937
W4312194384,9,C2779662365,Event (particle physics),2,0.41153646
W4312194384,10,C126322002,Internal medicine,1,0.18701652
W4312194384,11,C33923547,Mathematics,0,0.09212625
W4312194384,12,C126255220,Mathematical optimization,1,0
W4312194384,13,C142724271,Pathology,1,0
W4312194384,14,C121332964,Physics,0,0
W4312194384,15,C62520636,Quantum mechanics,1,0
W4313269109,1,C18762648,Work (physics),2,0.6466315
W4313269109,2,C2776505523,Plan (archaeology),2,0.49436355
W4313269109,3,C71924100,Medicine,0,0.41143277
W4313269109,4,C2522767166,Data science,1,0.4021541
W4313269109,5,C41008148,Computer science,0,0.39140594
W4313269109,6,C509550671,Medical education,1,0.37953246
W4313269109,7,C127413603,Engineering,0,0.14035785
W4313269109,8,C205649164,Geography,0,0.071661115
W4313269109,9,C78519656,Mechanical engineering,1,0
W4313269109,10,C166957645,Archaeology,1,0
W4313257157,1,C100773827,PKD1,4,0.9753504
W4313257157,2,C2776266639,Autosomal dominant polycystic kidney disease,3,0.817942
W4313257157,3,C71924100,Medicine,0,0.7645476
W4313257157,4,C2908647359,Population,2,0.51591647
W4313257157,5,C72563966,Cohort,2,0.48377892
W4313257157,6,C126322002,Internal medicine,1,0.45309737
W4313257157,7,C75563809,Missense mutation,4,0.42263797
W4313257157,8,C16671776,Exome sequencing,4,0.41520888
W4313257157,9,C54355233,Genetics,1,0.3988678
W4313257157,10,C2779134260,Disease,2,0.35508624
W4313257157,11,C86803240,Biology,0,0.17902708
W4313257157,12,C127716648,Phenotype,3,0.17312035
W4313257157,13,C104317684,Gene,2,0.0804922
W4313257157,14,C99454951,Environmental health,1,0
W4312119660,1,C71924100,Medicine,0,0.80301225
W4312119660,2,C199728807,Equity (law),2,0.5508714
W4312119660,3,C2250968,Health equity,3,0.47874898
W4312119660,4,C2779473830,MEDLINE,2,0.43033507
W4312119660,5,C2780791683,Action (physics),2,0.41438198
W4312119660,6,C138816342,Public health,2,0.19095379
W4312119660,7,C159110408,Nursing,1,0.18190491
W4312119660,8,C199539241,Law,1,0.08154163
W4312119660,9,C121332964,Physics,0,0
W4312119660,10,C62520636,Quantum mechanics,1,0
W4312119660,11,C17744445,Political science,0,0
W4312193725,1,C160735492,Health care,2,0.5412971
W4312193725,2,C132651083,Climate change,2,0.5223466
W4312193725,3,C2777363581,Harm,2,0.45720205
W4312193725,4,C105152847,Call to action,2,0.44898728
W4312193725,5,C17744445,Political science,0,0.44356135
W4312193725,6,C46578552,Global health,3,0.4414308
W4312193725,7,C2778431023,Alliance,2,0.43859005
W4312193725,8,C71924100,Medicine,0,0.39699653
W4312193725,9,C50522688,Economic growth,1,0.39527962
W4312193725,10,C144133560,Business,0,0.38525426
W4312193725,11,C199539241,Law,1,0.13935873
W4312193725,12,C162324750,Economics,0,0.12010935
W4312193725,13,C18903297,Ecology,1,0
W4312193725,14,C86803240,Biology,0,0
W4312193725,15,C162853370,Marketing,1,0
W4313257135,1,C71924100,Medicine,0,0.7313678
W4313257135,2,C2778139618,Workforce,2,0.6353195
W4313257135,3,C160735492,Health care,2,0.6216526
W4313257135,4,C2777766161,Current Population Survey,3,0.4983709
W4313257135,5,C2908647359,Population,2,0.49367294
W4313257135,6,C137403100,Ethnic group,2,0.42565770000000003
W4313257135,7,C4249254,Demographic economics,1,0.33619782
W4313257135,8,C74909509,Gerontology,1,0.32341498
W4313257135,9,C99454951,Environmental health,1,0.2632643
W4313257135,10,C50522688,Economic growth,1,0.18732062
W4313257135,11,C162324750,Economics,0,0
W4313257135,12,C144024400,Sociology,0,0
W4313257135,13,C19165224,Anthropology,1,0
W4311640278,1,C2780182762,Guideline,2,0.71114594
W4311640278,2,C41008148,Computer science,0,0.53439945
W4311640278,3,C2522767166,Data science,1,0.38450333
W4311640278,4,C71924100,Medicine,0,0.3303864
W4311640278,5,C142724271,Pathology,1,0.13328326
W4311649113,1,C41008148,Computer science,0,0.53532904
W4311649113,2,C136764020,World Wide Web,1,0.52357924
W4311649113,3,C2522767166,Data science,1,0.4884564
W4311649113,4,C23123220,Information retrieval,1,0.3438915
W4312000325,1,C195910791,Medical record,2,0.69923234
W4312000325,2,C2522767166,Data science,1,0.56084913
W4312000325,3,C41008148,Computer science,0,0.48552632
W4312000325,4,C136764020,World Wide Web,1,0.40657225
W4312000325,5,C71924100,Medicine,0,0.3542583
W4312000325,6,C509550671,Medical education,1,0.3235191
W4312000325,7,C141071460,Surgery,1,0.10834706
W4312032635,1,C3008058167,Coronavirus disease 2019 (COVID-19),4,0.92383707
W4312032635,2,C3006700255,2019-20 coronavirus outbreak,3,0.81186604
W4312032635,3,C3007834351,Severe acute respiratory syndrome coronavirus 2 (SARS-CoV-2),5,0.7795066
W4312032635,4,C2778137277,Betacoronavirus,5,0.61562145
W4312032635,5,C89623803,Pandemic,5,0.57351816
W4312032635,6,C159047783,Virology,1,0.552845
W4312032635,7,C2909376813,Coronavirus Infections,5,0.54641104
W4312032635,8,C2777914695,Pneumonia,2,0.45637664
W4312032635,9,C191935318,China,2,0.4531144
W4312032635,10,C154108245,Surge,2,0.44927064
W4312032635,11,C2780813799,Zero (linguistics),2,0.44899976
W4312032635,12,C71924100,Medicine,0,0.3855938
W4312032635,13,C205649164,Geography,0,0.23370188
W4312032635,14,C116675565,Outbreak,2,0.14892831
W4312032635,15,C153294291,Meteorology,1,0.1433587
W4312032635,16,C126322002,Internal medicine,1,0.08166051
W4312032635,17,C41895202,Linguistics,1,0.072354406
W4312032635,18,C138885662,Philosophy,0,0.07067281
W4312032635,19,C524204448,Infectious disease (medical specialty),3,0.062112927
W4312032635,20,C2779134260,Disease,2,0
W4312032635,21,C166957645,Archaeology,1,0
W4312179112,1,C503182166,Scarlet fever,2,0.6658119
W4312179112,2,C2522767166,Data science,1,0.4416107
W4312179112,3,C71924100,Medicine,0,0.42330414
W4312179112,4,C136764020,World Wide Web,1,0.35056838
W4312179112,5,C41008148,Computer science,0,0.27009880000000003
W4312179112,6,C16005928,Dermatology,1,0.25837386
W4313257036,1,C71924100,Medicine,0,0.88054794
W4313257036,2,C2776534028,Medicaid,3,0.74280703
W4313257036,3,C189326681,Poverty,2,0.6191518
W4313257036,4,C2777101753,Family income,2,0.50324935
W4313257036,5,C2775868463,Poverty threshold,3,0.4728613
W4313257036,6,C149923435,Demography,1,0.46562523
W4313257036,7,C2780892066,Household income,2,0.4635984
W4313257036,8,C134362201,Mental health,2,0.44464177
W4313257036,9,C40010229,Substance abuse,2,0.43039048
W4313257036,10,C74909509,Gerontology,1,0.32311997
W4313257036,11,C160735492,Health care,2,0.31741637
W4313257036,12,C118552586,Psychiatry,1,0.29969615
W4313257036,13,C99454951,Environmental health,1,0.29195774
W4313257036,14,C2908647359,Population,2,0.15280434
W4313257036,15,C166957645,Archaeology,1,0
W4313257036,16,C144024400,Sociology,0,0
W4313257036,17,C162324750,Economics,0,0
W4313257036,18,C95457728,History,0,0
W4313257036,19,C50522688,Economic growth,1,0
W4313257139,1,C71924100,Medicine,0,0.9326779
W4313257139,2,C2983635472,Health insurance,3,0.7288246
W4313257139,3,C160735492,Health care,2,0.5476365
W4313257139,4,C2780128664,National Health Interview Survey,3,0.5389472
W4313257139,5,C2984542250,National health insurance,3,0.49314588
W4313257139,6,C2776643233,Patient Protection and Affordable Care Act,4,0.4926694
W4313257139,7,C512399662,Family medicine,1,0.46702862
W4313257139,8,C99454951,Environmental health,1,0.40764058
W4313257139,9,C74909509,Gerontology,1,0.39417863
W4313257139,10,C50522688,Economic growth,1,0.17259362
W4313257139,11,C2908647359,Population,2,0.08873698
W4313257139,12,C162324750,Economics,0,0
W4313271258,1,C2778137410,Government (linguistics),2,0.7072262
W4313271258,2,C144133560,Business,0,0.4620179
W4313271258,3,C3116431,Public administration,1,0.37416208
W4313271258,4,C42475967,Operations research,1,0.3492132
W4313271258,5,C41008148,Computer science,0,0.33030772
W4313271258,6,C17744445,Political science,0,0.26968157
W4313271258,7,C127413603,Engineering,0,0.1301246
W4313271258,8,C138885662,Philosophy,0,0
W4313271258,9,C41895202,Linguistics,1,0
W4313453006,1,C194051981,Economic shortage,3,0.83963805
W4313453006,2,C2992704956,Oxygen pressure,3,0.5385426
W4313453006,3,C2779304628,Face (sociological concept),2,0.53656524
W4313453006,4,C41008148,Computer science,0,0.5183036
W4313453006,5,C540031477,Oxygen,2,0.3630852
W4313453006,6,C71924100,Medicine,0,0.356189
W4313453006,7,C185592680,Chemistry,0,0.18745393
W4313453006,8,C2778137410,Government (linguistics),2,0.078119606
W4313453006,9,C36289849,Social science,1,0
W4313453006,10,C41895202,Linguistics,1,0
W4313453006,11,C138885662,Philosophy,0,0
W4313453006,12,C178790620,Organic chemistry,1,0
W4313453006,13,C144024400,Sociology,0,0
W4311545720,1,C41008148,Computer science,0,0.5585861
W4311545720,2,C136764020,World Wide Web,1,0.42084715
W4311545720,3,C38652104,Computer security,1,0.37132162
W4311545720,4,C71924100,Medicine,0,0.34397158
W4311838011,1,C2777189325,Officer,2,0.71335983
W4311838011,2,C2778137410,Government (linguistics),2,0.6567118
W4311838011,3,C559116025,Air pollution,2,0.4373055
W4311838011,4,C3116431,Public administration,1,0.42260844
W4311838011,5,C42475967,Operations research,1,0.4016635
W4311838011,6,C17744445,Political science,0,0.39566037
W4311838011,7,C187736073,Management,1,0.36491305
W4311838011,8,C144133560,Business,0,0.35708112
W4311838011,9,C71924100,Medicine,0,0.35105467
W4311838011,10,C39549134,Public relations,1,0.33485427
W4311838011,11,C199539241,Law,1,0.2107279
W4311838011,12,C127413603,Engineering,0,0.1895653
W4311838011,13,C162324750,Economics,0,0.07446343
W4311838011,14,C185592680,Chemistry,0,0.058023512
W4311838011,15,C138885662,Philosophy,0,0.054764718
W4311838011,16,C41895202,Linguistics,1,0
W4311838011,17,C178790620,Organic chemistry,1,0
W4312036322,1,C41008148,Computer science,0,0.61686885
W4312036322,2,C160735492,Health care,2,0.4770193
W4312036322,3,C2522767166,Data science,1,0.4739297
W4312036322,4,C71924100,Medicine,0,0.3279745
W4312036322,5,C17744445,Political science,0,0.099879354
W4312036322,6,C199539241,Law,1,0
W4312179395,1,C3008058167,Coronavirus disease 2019 (COVID-19),4,0.79764915
W4312179395,2,C3006700255,2019-20 coronavirus outbreak,3,0.62603843
W4312179395,3,C3007834351,Severe acute respiratory syndrome coronavirus 2 (SARS-CoV-2),5,0.58840096
W4312179395,4,C71924100,Medicine,0,0.5421828
W4312179395,5,C2778137277,Betacoronavirus,5,0.424614
W4312179395,6,C2779473830,MEDLINE,2,0.413751
W4312179395,7,C545542383,Medical emergency,1,0.34653115
W4312179395,8,C194828623,Emergency medicine,1,0.33784434
W4312179395,9,C159047783,Virology,1,0.25677174
W4312179395,10,C116675565,Outbreak,2,0.23980227
W4312179395,11,C126322002,Internal medicine,1,0.13037676
W4312179395,12,C86803240,Biology,0,0.07668471
W4312179395,13,C55493867,Biochemistry,1,0
W4312179395,14,C2779134260,Disease,2,0
W4312179395,15,C524204448,Infectious disease (medical specialty),3,0
W4313256860,1,C71924100,Medicine,0,0.9745
W4313256860,2,C99454951,Environmental health,1,0.39439616
W4313257280,1,C71924100,Medicine,0,0.9590169
W4313257280,2,C108516343,Otorhinolaryngology,2,0.54486144
W4313257280,3,C512399662,Family medicine,1,0.47664365
W4313257280,4,C16568411,Neurology,2,0.42853045
W4313257280,5,C2779473830,MEDLINE,2,0.41123787
W4313257280,6,C118552586,Psychiatry,1,0.3264528
W4313257280,7,C17744445,Political science,0,0
W4313257280,8,C199539241,Law,1,0
W4313304101,1,C81603835,Pill,2,0.91651016
W4313304101,2,C2777964154,Emergency contraception,5,0.6919348
W4313304101,3,C2778642596,Abortion,3,0.59932256
W4313304101,4,C6929976,Regulator,3,0.4993651
W4313304101,5,C71924100,Medicine,0,0.48514184
W4313304101,6,C2779076696,Family planning,4,0.43405643
W4313304101,7,C29456083,Gynecology,1,0.34538162
W4313304101,8,C2779234561,Pregnancy,2,0.26806703
W4313304101,9,C2908647359,Population,2,0.18445155
W4313304101,10,C98274493,Pharmacology,1,0.18444324
W4313304101,11,C2986817661,Research methodology,3,0.15074056
W4313304101,12,C185592680,Chemistry,0,0.11233026
W4313304101,13,C86803240,Biology,0,0.11221731
W4313304101,14,C99454951,Environmental health,1,0.10850939
W4313304101,15,C55493867,Biochemistry,1,0
W4313304101,16,C54355233,Genetics,1,0
W4313304101,17,C104317684,Gene,2,0
W4313397054,1,C71924100,Medicine,0,0.7689694
W4313397054,2,C2985871740,Task force,2,0.71217275
W4313397054,3,C94625758,Politics,2,0.6842306
W4313397054,4,C2780451532,Task (project management),2,0.49926543
W4313397054,5,C3116431,Public administration,1,0.18523282
W4313397054,6,C199539241,Law,1,0.09860748
W4313397054,7,C17744445,Political science,0,0.09107521
W4313397054,8,C187736073,Management,1,0.08593279
W4313397054,9,C162324750,Economics,0,0
W4313397254,1,C71924100,Medicine,0,0.88179994
W4313397254,2,C2775938067,Ableism,2,0.7961973
W4313397254,3,C199539241,Law,1,0.16314498
W4313397254,4,C17744445,Political science,0,0
W4310804849,1,C2775997480,Degree (music),2,0.5886014
W4310804849,2,C107806365,Apprenticeship,2,0.57724005
W4310804849,3,C2522767166,Data science,1,0.5069692
W4310804849,4,C41008148,Computer science,0,0.5014751
W4310804849,5,C136764020,World Wide Web,1,0.3884361
W4310804849,6,C71924100,Medicine,0,0.38594043
W4310804849,7,C509550671,Medical education,1,0.32322633
W4310804849,8,C95457728,History,0,0.068955034
W4310804849,9,C121332964,Physics,0,0
W4310804849,10,C166957645,Archaeology,1,0
W4310804849,11,C24890656,Acoustics,1,0
W4311728779,1,C3008058167,Coronavirus disease 2019 (COVID-19),4,0.86721903
W4311728779,2,C89623803,Pandemic,5,0.7927331
W4311728779,3,C3006700255,2019-20 coronavirus outbreak,3,0.7298223
W4311728779,4,C3007834351,Severe acute respiratory syndrome coronavirus 2 (SARS-CoV-2),5,0.6668471
W4311728779,5,C2909376813,Coronavirus Infections,5,0.5091738
W4311728779,6,C71924100,Medicine,0,0.492048
W4311728779,7,C2778137277,Betacoronavirus,5,0.42900577
W4311728779,8,C545542383,Medical emergency,1,0.32345897
W4311728779,9,C159047783,Virology,1,0.30563518
W4311728779,10,C126322002,Internal medicine,1,0.11543003
W4311728779,11,C116675565,Outbreak,2,0.068424016
W4311728779,12,C2779134260,Disease,2,0
W4311728779,13,C524204448,Infectious disease (medical specialty),3,0
W4311729192,1,C2778642596,Abortion,3,0.6399958
W4311729192,2,C41008148,Computer science,0,0.48776847
W4311729192,3,C71924100,Medicine,0,0.3276656
W4311729192,4,C2779234561,Pregnancy,2,0.26937085
W4311729192,5,C86803240,Biology,0,0.099451125
W4311729192,6,C54355233,Genetics,1,0
W4311855700,1,C41008148,Computer science,0,0.45606697
W4311855700,2,C136764020,World Wide Web,1,0.39389697
W4311855700,3,C71924100,Medicine,0,0.38861126
W4311855700,4,C2522767166,Data science,1,0.34957242
W4311864919,1,C71924100,Medicine,0,0.51966035
W4311864919,2,C41008148,Computer science,0,0.4420947
W4311864919,3,C136764020,World Wide Web,1,0.34271333
W4311864919,4,C16005928,Dermatology,1,0.32233453
W4312005813,1,C41008148,Computer science,0,0.45687214
W4312005813,2,C2522767166,Data science,1,0.44814062
W4312005813,3,C136764020,World Wide Web,1,0.37830904
W4312005813,4,C71924100,Medicine,0,0.34349078
W4312106035,1,C2780465443,Champion,2,0.6445975
W4312106035,2,C46578552,Global health,3,0.5272602
W4312106035,3,C94625758,Politics,2,0.52043086
W4312106035,4,C17744445,Political science,0,0.48234695
W4312106035,5,C3116431,Public administration,1,0.434365
W4312106035,6,C557252395,Diplomacy,3,0.421623
W4312106035,7,C187736073,Management,1,0.40501845
W4312106035,8,C29595303,Media studies,1,0.3201868
W4312106035,9,C144024400,Sociology,0,0.31401092
W4312106035,10,C160735492,Health care,2,0.22433347
W4312106035,11,C199539241,Law,1,0.22106269
W4312106035,12,C162324750,Economics,0,0
W4312119702,1,C71924100,Medicine,0,0.8235413
W4312119702,2,C2780837026,Grief,2,0.6430975
W4312119702,3,C2779473830,MEDLINE,2,0.43596086
W4312119702,4,C177713679,Intensive care medicine,1,0.3290853
W4312119702,5,C118552586,Psychiatry,1,0.22250393
W4312119702,6,C17744445,Political science,0,0
W4312119702,7,C199539241,Law,1,0
W4312179379,1,C41008148,Computer science,0,0.47872946
W4312179379,2,C2522767166,Data science,1,0.3677959
W4312179379,3,C199539241,Law,1,0.35642874
W4312179379,4,C17744445,Political science,0,0.25014675
W4312210247,1,C2780708616,Annals,2,0.84542835
W4312210247,2,C71924100,Medicine,0,0.8078547
W4312210247,3,C3019323424,New england,3,0.55103564
W4312210247,4,C2780154274,Download,2,0.5003836
W4312210247,5,C2993838110,Medical school,2,0.4811555
W4312210247,6,C2984519610,Web site,3,0.45062426
W4312210247,7,C161191863,Library science,1,0.34236407
W4312210247,8,C512399662,Family medicine,1,0.3314377
W4312210247,9,C509550671,Medical education,1,0.26134235
W4312210247,10,C110875604,The Internet,2,0.14411166
W4312210247,11,C136764020,World Wide Web,1,0.10147452
W4312210247,12,C74916050,Classics,1,0.1012384
W4312210247,13,C95457728,History,0,0.09790549
W4312210247,14,C94625758,Politics,2,0
W4312210247,15,C17744445,Political science,0,0
W4312210247,16,C41008148,Computer science,0,0
W4312210247,17,C199539241,Law,1,0
W4313254473,1,C41008148,Computer science,0,0.5451145
W4313254473,2,C2522767166,Data science,1,0.47188294
W4313254473,3,C136764020,World Wide Web,1,0.4155148
W4313257023,1,C71924100,Medicine,0,0.9867243
W4313257023,2,C3008058167,Coronavirus disease 2019 (COVID-19),4,0.79623616
W4313257023,3,C3006700255,2019-20 coronavirus outbreak,3,0.6531846
W4313257023,4,C3007834351,Severe acute respiratory syndrome coronavirus 2 (SARS-CoV-2),5,0.63954085
W4313257023,5,C2778137277,Betacoronavirus,5,0.41212437
W4313257023,6,C159047783,Virology,1,0.40516025
W4313257023,7,C187212893,Pediatrics,1,0.38482523
W4313257023,8,C126322002,Internal medicine,1,0.1282526
W4313257023,9,C116675565,Outbreak,2,0.08614594
W4313257023,10,C524204448,Infectious disease (medical specialty),3,0.063301444
W4313257023,11,C2779134260,Disease,2,0
W4313257026,1,C71924100,Medicine,0,0.98978484
W4313257026,2,C2776164576,Osteoarthritis,3,0.76954854
W4313257026,3,C2778640784,Ankle,2,0.719467
W4313257026,4,C141071460,Surgery,1,0.35724753
W4313257026,5,C142724271,Pathology,1,0.10682672
W4313257026,6,C204787440,Alternative medicine,2,0.07073939
W4313257063,1,C71924100,Medicine,0,0.9543897
W4313257063,2,C3008058167,Coronavirus disease 2019 (COVID-19),4,0.84405625
W4313257063,3,C3006700255,2019-20 coronavirus outbreak,3,0.6835775
W4313257063,4,C3007834351,Severe acute respiratory syndrome coronavirus 2 (SARS-CoV-2),5,0.6593848
W4313257063,5,C2778137277,Betacoronavirus,5,0.5036604
W4313257063,6,C159047783,Virology,1,0.44743082
W4313257063,7,C2779473830,MEDLINE,2,0.42616394
W4313257063,8,C2909376813,Coronavirus Infections,5,0.42567682
W4313257063,9,C116675565,Outbreak,2,0.15516973
W4313257063,10,C142724271,Pathology,1,0.123503566
W4313257063,11,C2779134260,Disease,2,0
W4313257063,12,C17744445,Political science,0,0
W4313257063,13,C524204448,Infectious disease (medical specialty),3,0
W4313257063,14,C199539241,Law,1,0
W4313257074,1,C71924100,Medicine,0,0.9789977
W4313257074,2,C3008058167,Coronavirus disease 2019 (COVID-19),4,0.8884143
W4313257074,3,C3006700255,2019-20 coronavirus outbreak,3,0.7331402
W4313257074,4,C3007834351,Severe acute respiratory syndrome coronavirus 2 (SARS-CoV-2),5,0.71384656
W4313257074,5,C2778137277,Betacoronavirus,5,0.4937187
W4313257074,6,C2909376813,Coronavirus Infections,5,0.46090588
W4313257074,7,C159047783,Virology,1,0.38832736
W4313257074,8,C126322002,Internal medicine,1,0.16068283
W4313257074,9,C116675565,Outbreak,2,0.05544749
W4313257074,10,C524204448,Infectious disease (medical specialty),3,0.048494637
W4313257074,11,C2779134260,Disease,2,0.042877257
W4313257159,1,C529099274,Comics,2,0.88137627
W4313257159,2,C71924100,Medicine,0,0.8608177
W4313257159,3,C2777957886,Casebook,2,0.7895118
W4313257159,4,C70789860,The arts,2,0.5326528
W4313257159,5,C98147612,Promotion (chess),3,0.48820573
W4313257159,6,C204787440,Alternative medicine,2,0.44323233
W4313257159,7,C138816342,Public health,2,0.4249915
W4313257159,8,C509550671,Medical education,1,0.3432695
W4313257159,9,C153349607,Visual arts,1,0.29115623
W4313257159,10,C159110408,Nursing,1,0.20790997
W4313257159,11,C142724271,Pathology,1,0.1538749
W4313257159,12,C124952713,Literature,1,0.10472533
W4313257159,13,C199539241,Law,1,0.08320236
W4313257159,14,C142362112,Art,0,0
W4313257159,15,C94625758,Politics,2,0
W4313257159,16,C17744445,Political science,0,0
W4313257161,1,C71924100,Medicine,0,0.96734595
W4313257161,2,C2910553456,Angiotensin Receptor Blockers,4,0.788374
W4313257161,3,C3008058167,Coronavirus disease 2019 (COVID-19),4,0.763132
W4313257161,4,C535046627,Clinical trial,2,0.5474043
W4313257161,5,C3006700255,2019-20 coronavirus outbreak,3,0.5140868
W4313257161,6,C3007834351,Severe acute respiratory syndrome coronavirus 2 (SARS-CoV-2),5,0.509527
W4313257161,7,C126322002,Internal medicine,1,0.44663942
W4313257161,8,C2908929049,Angiotensin II,3,0.4454603
W4313257161,9,C168563851,Randomized controlled trial,2,0.4366882
W4313257161,10,C170493617,Receptor,2,0.43348044
W4313257161,11,C2779134260,Disease,2,0.42974067
W4313257161,12,C198710026,Reninâ€“angiotensin system,3,0.36984435
W4313257161,13,C98274493,Pharmacology,1,0.36434078
W4313257161,14,C177713679,Intensive care medicine,1,0.3465495
W4313257161,15,C159047783,Virology,1,0.18674693
W4313257161,16,C524204448,Infectious disease (medical specialty),3,0.10889217
W4313257161,17,C84393581,Blood pressure,2,0.089833885
W4313257161,18,C116675565,Outbreak,2,0
W4313257182,1,C71924100,Medicine,0,0.9788643
W4313257182,2,C2779473830,MEDLINE,2,0.42800692
W4313257182,3,C61434518,General surgery,1,0.4018948
W4313257182,4,C199539241,Law,1,0.09022954
W4313257182,5,C17744445,Political science,0,0
W4313257208,1,C71924100,Medicine,0,0.9486499
W4313257208,2,C512399662,Family medicine,1,0.51216364
W4313257208,3,C108516343,Otorhinolaryngology,2,0.51034254
W4313257208,4,C139676723,Sign (mathematics),2,0.41412234
W4313257208,5,C118552586,Psychiatry,1,0.31936014
W4313257208,6,C134306372,Mathematical analysis,1,0
W4313257208,7,C33923547,Mathematics,0,0
W4313257296,1,C71924100,Medicine,0,0.9840516
W4313257296,2,C512399662,Family medicine,1,0.36015671
W4313257296,3,C556039675,Traditional medicine,1,0.32164913
W4313257350,1,C71924100,Medicine,0,0.98723453
W4313261754,1,C133925201,Life expectancy,3,0.82583106
W4313261754,2,C188353592,Expectancy theory,2,0.46985948
W4313261754,3,C2522767166,Data science,1,0.46835724
W4313261754,4,C41008148,Computer science,0,0.44434932
W4313261754,5,C74909509,Gerontology,1,0.3634205
W4313261754,6,C71924100,Medicine,0,0.3134089
W4313261754,7,C99454951,Environmental health,1,0.19296089
W4313261754,8,C15744967,Psychology,0,0.19156358
W4313261754,9,C77805123,Social psychology,1,0.052232057
W4313261754,10,C2908647359,Population,2,0
W4313312207,1,C2776535583,Mentorship,2,0.899086
W4313312207,2,C2781316041,Diversity (politics),2,0.76344275
W4313312207,3,C12713177,Perspective (graphical),2,0.5716143
W4313312207,4,C2779942219,Sense of community,2,0.5689536
W4313312207,5,C56273599,White (mutation),3,0.53195286
W4313312207,6,C71924100,Medicine,0,0.5163092
W4313312207,7,C2779814899,Common sense,2,0.45841357
W4313312207,8,C509550671,Medical education,1,0.3803624
W4313312207,9,C29595303,Media studies,1,0.3782081
W4313312207,10,C74909509,Gerontology,1,0.33635426
W4313312207,11,C144024400,Sociology,0,0.30076626
W4313312207,12,C153349607,Visual arts,1,0.17533195
W4313312207,13,C199539241,Law,1,0.13610756
W4313312207,14,C36289849,Social science,1,0.13342997
W4313312207,15,C19165224,Anthropology,1,0.10579604
W4313312207,16,C142362112,Art,0,0.09153277
W4313312207,17,C55493867,Biochemistry,1,0
W4313312207,18,C185592680,Chemistry,0,0
W4313312207,19,C17744445,Political science,0,0
W4313312207,20,C104317684,Gene,2,0
W4313365332,1,C2778661090,Rivaroxaban,4,0.7577382
W4313365332,2,C71924100,Medicine,0,0.67290837
W4313365332,3,C2992672634,Drug trial,3,0.62604
W4313365332,4,C2780035454,Drug,2,0.5039112
W4313365332,5,C2992293740,Drug approval,3,0.48817307
W4313365332,6,C535046627,Clinical trial,2,0.36042926
W4313365332,7,C2522767166,Data science,1,0.33256355
W4313365332,8,C177713679,Intensive care medicine,1,0.3315493
W4313365332,9,C512399662,Family medicine,1,0.32069105
W4313365332,10,C98274493,Pharmacology,1,0.25637138
W4313365332,11,C41008148,Computer science,0,0.24245271
W4313365332,12,C126322002,Internal medicine,1,0.20980969
W4313365332,13,C2776301958,Warfarin,3,0.14102408
W4313365332,14,C2779161974,Atrial fibrillation,2,0
W4313410083,1,C2778137410,Government (linguistics),2,0.6609804
W4313410083,2,C2781356325,Government spending,3,0.5753026
W4313410083,3,C549605437,Food security,3,0.5687459
W4313410083,4,C138816342,Public health,2,0.4289385
W4313410083,5,C144133560,Business,0,0.36039957
W4313410083,6,C41008148,Computer science,0,0.34885308
W4313410083,7,C99454951,Environmental health,1,0.3292344
W4313410083,8,C71924100,Medicine,0,0.2780102
W4313410083,9,C17744445,Political science,0,0.20731503
W4313410083,10,C100243477,Welfare,2,0.091798514
W4313410083,11,C159110408,Nursing,1,0.079119086
W4313410083,12,C118518473,Agriculture,2,0.075345755
W4313410083,13,C205649164,Geography,0,0.07052618
W4313410083,14,C138885662,Philosophy,0,0
W4313410083,15,C41895202,Linguistics,1,0
W4313410083,16,C166957645,Archaeology,1,0
W4313410083,17,C199539241,Law,1,0
W4313441667,1,C90805587,Word (group theory),2,0.6812552
W4313441667,2,C41008148,Computer science,0,0.5043503
W4313441667,3,C204321447,Natural language processing,1,0.357511
W4313441667,4,C71924100,Medicine,0,0.336551
W4313441667,5,C41895202,Linguistics,1,0.2306267
W4313441667,6,C138885662,Philosophy,0,0.06686321
W4295862701,1,C71924100,Medicine,0,0.82793105
W4295862701,2,C2911055575,Artificial Sweetener,3,0.80444825
W4295862701,3,C2778278337,Aspartame,2,0.75897706
W4295862701,4,C2776480571,Sucralose,2,0.7525107
W4295862701,5,C207103383,Hazard ratio,3,0.6424255
W4295862701,6,C188816634,Prospective cohort study,2,0.56835407
W4295862701,7,C2908647359,Population,2,0.492939
W4295862701,8,C201903717,Cohort study,2,0.4812379
W4295862701,9,C72563966,Cohort,2,0.47998425
W4295862701,10,C61511704,Incidence (geometry),2,0.46984476
W4295862701,11,C82789193,Relative risk,3,0.46437493
W4295862701,12,C99454951,Environmental health,1,0.4212735
W4295862701,13,C44249647,Confidence interval,2,0.38851517
W4295862701,14,C126322002,Internal medicine,1,0.37152556
W4295862701,15,C31903555,Food science,1,0.14985621
W4295862701,16,C86803240,Biology,0,0.068188995
W4295862701,17,C121332964,Physics,0,0
W4295862701,18,C2777108408,Sugar,2,0
W4295862701,19,C142724271,Pathology,1,0
W4295862701,20,C120665830,Optics,1,0
W4311838222,1,C71924100,Medicine,0,0.77224964
W4311838222,2,C2908647359,Population,2,0.601166
W4311838222,3,C149923435,Demography,1,0.5743101
W4311838222,4,C61511704,Incidence (geometry),2,0.5651185
W4311838222,5,C2780664029,Disease burden,3,0.5470924
W4311838222,6,C44249647,Confidence interval,2,0.51479644
W4311838222,7,C3020448403,Burden of disease,3,0.4729566
W4311838222,8,C2777180221,Type 2 diabetes,3,0.46571755
W4311838222,9,C167704817,Rate ratio,3,0.46076536
W4311838222,10,C179755657,Mortality rate,2,0.4424556
W4311838222,11,C74909509,Gerontology,1,0.40730786
W4311838222,12,C187212893,Pediatrics,1,0.3629183
W4311838222,13,C555293320,Diabetes mellitus,2,0.35620958
W4311838222,14,C99454951,Environmental health,1,0.16181812
W4311838222,15,C141071460,Surgery,1,0.12713864
W4311838222,16,C126322002,Internal medicine,1,0.11166239
W4311838222,17,C121332964,Physics,0,0
W4311838222,18,C144024400,Sociology,0,0
W4311838222,19,C120665830,Optics,1,0
W4311838222,20,C134018914,Endocrinology,1,0
W4313447883,1,C2779677306,Statistician,2,0.9536713
W4313447883,2,C2522767166,Data science,1,0.5465576
W4313447883,3,C41008148,Computer science,0,0.49895
W4313447883,4,C136764020,World Wide Web,1,0.42812157
W4313447883,5,C71924100,Medicine,0,0.3753357
W4313447883,6,C23123220,Information retrieval,1,0.34354454
W4313447883,7,C142724271,Pathology,1,0.07674092
W4315436812,1,C2522767166,Data science,1,0.4910438
W4315436812,2,C41008148,Computer science,0,0.48176384
W4315436812,3,C18762648,Work (physics),2,0.4763967
W4315436812,4,C160735492,Health care,2,0.41881368
W4315436812,5,C136764020,World Wide Web,1,0.4084809
W4315436812,6,C71924100,Medicine,0,0.3248398
W4315436812,7,C127413603,Engineering,0,0.11312193
W4315436812,8,C17744445,Political science,0,0.08641237
W4315436812,9,C78519656,Mechanical engineering,1,0
W4315436812,10,C199539241,Law,1,0
W4311620627,1,C60229501,Global Positioning System,2,0.7202178
W4311620627,2,C41008148,Computer science,0,0.5074417
W4311620627,3,C2522767166,Data science,1,0.36260456
W4311620627,4,C545542383,Medical emergency,1,0.3338495
W4311620627,5,C71924100,Medicine,0,0.31258595
W4311620627,6,C76155785,Telecommunications,1,0.2459558
W4310832257,1,C71924100,Medicine,0,0.7603364
W4310832257,2,C27415008,Psychological intervention,2,0.69748795
W4310832257,3,C2780665704,Intervention (counseling),2,0.6558937
W4310832257,4,C168563851,Randomized controlled trial,2,0.6143757
W4310832257,5,C2779951463,Quality of life (healthcare),2,0.53258944
W4310832257,6,C205545832,Young adult,2,0.44838712
W4310832257,7,C1862650,Physical therapy,1,0.39332312
W4310832257,8,C512399662,Family medicine,1,0.37050027
W4310832257,9,C187212893,Pediatrics,1,0.36712384
W4310832257,10,C74909509,Gerontology,1,0.20400998
W4310832257,11,C118552586,Psychiatry,1,0.17894858
W4310832257,12,C159110408,Nursing,1,0.17707118
W4310832257,13,C141071460,Surgery,1,0.08479488
W4309908930,1,C121117317,Credible interval,3,0.74800533
W4309908930,2,C44249647,Confidence interval,2,0.61769867
W4309908930,3,C3008058167,Coronavirus disease 2019 (COVID-19),4,0.61448413
W4309908930,4,C107130276,Epidemiology,2,0.6044557
W4309908930,5,C71924100,Medicine,0,0.600227
W4309908930,6,C89623803,Pandemic,5,0.56892484
W4309908930,7,C72563966,Cohort,2,0.5649125
W4309908930,8,C761482,Transmission (telecommunications),2,0.55930275
W4309908930,9,C2778067643,Interval (graph theory),2,0.5559003
W4309908930,10,C3007834351,Severe acute respiratory syndrome coronavirus 2 (SARS-CoV-2),5,0.5279951
W4309908930,11,C201903717,Cohort study,2,0.5151881
W4309908930,12,C188816634,Prospective cohort study,2,0.49965644
W4309908930,13,C105795698,Statistics,1,0.4817055
W4309908930,14,C107673813,Bayesian probability,2,0.47029588
W4309908930,15,C149923435,Demography,1,0.40214652
W4309908930,16,C33923547,Mathematics,0,0.20484161
W4309908930,17,C126322002,Internal medicine,1,0.20265499
W4309908930,18,C41008148,Computer science,0,0.18020386
W4309908930,19,C2779134260,Disease,2,0.12561154
W4309908930,20,C524204448,Infectious disease (medical specialty),3,0.10545361
W4309908930,21,C76155785,Telecommunications,1,0.09499282
W4309908930,22,C114614502,Combinatorics,1,0
W4309908930,23,C144024400,Sociology,0,0
W4309918165,1,C71924100,Medicine,0,0.6789318
W4309918165,2,C22070199,Vaccination,2,0.6721945
W4309918165,3,C149923435,Demography,1,0.62256664
W4309918165,4,C2908647359,Population,2,0.61532265
W4309918165,5,C72563966,Cohort,2,0.55048984
W4309918165,6,C173145845,Refugee,2,0.5466826
W4309918165,7,C17923572,Propensity score matching,2,0.4776234
W4309918165,8,C167135981,Retrospective cohort study,2,0.46687573
W4309918165,9,C137403100,Ethnic group,2,0.44774395
W4309918165,10,C201903717,Cohort study,2,0.41621074
W4309918165,11,C205649164,Geography,0,0.20060262
W4309918165,12,C99454951,Environmental health,1,0.19973719
W4309918165,13,C159047783,Virology,1,0.13653722
W4309918165,14,C141071460,Surgery,1,0.10922223
W4309918165,15,C126322002,Internal medicine,1,0.10086599
W4309918165,16,C17744445,Political science,0,0.0895918
W4309918165,17,C166957645,Archaeology,1,0
W4309918165,18,C144024400,Sociology,0,0
W4309918165,19,C199539241,Law,1,0
W4311728605,1,C2779240384,Safety culture,2,0.52184784
W4311728605,2,C71924100,Medicine,0,0.43635887
W4311728605,3,C2522767166,Data science,1,0.35853004
W4311728605,4,C41008148,Computer science,0,0.35097796
W4311728605,5,C144133560,Business,0,0.33503252
W4311728605,6,C187736073,Management,1,0.12189281
W4311728605,7,C162324750,Economics,0,0
W4312039707,1,C2426938,Medical prescription,2,0.70739305
W4312039707,2,C71924100,Medicine,0,0.4101535
W4312039707,3,C512399662,Family medicine,1,0.37755185
W4312039707,4,C41008148,Computer science,0,0.3728947
W4312039707,5,C159110408,Nursing,1,0.18872064
W4313447254,1,C2993513965,Cost cutting,2,0.5158271
W4313447254,2,C42475967,Operations research,1,0.3658626
W4313447254,3,C71924100,Medicine,0,0.34675708
W4313447254,4,C41008148,Computer science,0,0.33791432
W4313447254,5,C2522767166,Data science,1,0.3248582
W4313447254,6,C21547014,Operations management,1,0.21666521
W4313447254,7,C162324750,Economics,0,0.14265582
W4313447254,8,C127413603,Engineering,0,0.14125746
W4296117838,1,C2779923671,Itching,2,0.76513743
W4296117838,2,C2778515351,Scalp,2,0.72802943
W4296117838,3,C41008148,Computer science,0,0.49438238
W4296117838,4,C16005928,Dermatology,1,0.48809397
W4296117838,5,C71924100,Medicine,0,0.46445653
W4296117838,6,C121684516,Computer graphics (images),1,0.34311795
W4296117838,7,C136764020,World Wide Web,1,0.32025367
W4297832055,1,C2775832221,Gentamicin,3,0.94387406
W4297832055,2,C2777787772,Aminoglycoside,3,0.8818826
W4297832055,3,C2778974779,Tobramycin,4,0.7776153
W4297832055,4,C71924100,Medicine,0,0.713698
W4297832055,5,C2777288759,Dosing,2,0.5728292
W4297832055,6,C501593827,Antibiotics,2,0.5069475
W4297832055,7,C190041318,Vestibular system,2,0.4131881
W4297832055,8,C42219234,Anesthesia,1,0.36880147
W4297832055,9,C141071460,Surgery,1,0.32015026
W4297832055,10,C126322002,Internal medicine,1,0.1853844
W4297832055,11,C548259974,Audiology,1,0.113336414
W4297832055,12,C86803240,Biology,0,0.07169372
W4297832055,13,C89423630,Microbiology,1,0
W4309909017,1,C71924100,Medicine,0,0.67092586
W4309909017,2,C168563851,Randomized controlled trial,2,0.5785596
W4309909017,3,C2780665704,Intervention (counseling),2,0.5719207
W4309909017,4,C1862650,Physical therapy,1,0.3561774
W4309909017,5,C126322002,Internal medicine,1,0.096156836
W4309909017,6,C118552586,Psychiatry,1,0.094533116
W4309918093,1,C89623803,Pandemic,5,0.723096
W4309918093,2,C134362201,Mental health,2,0.66769
W4309918093,3,C143095724,Odds,3,0.59990937
W4309918093,4,C3008058167,Coronavirus disease 2019 (COVID-19),4,0.56103
W4309918093,5,C71924100,Medicine,0,0.4895874
W4309918093,6,C151956035,Logistic regression,2,0.48622432
W4309918093,7,C2777895361,Longitudinal study,2,0.47484472
W4309918093,8,C156957248,Odds ratio,2,0.45955053
W4309918093,9,C15744967,Psychology,0,0.41810793
W4309918093,10,C2781164080,Self-rated health,2,0.41693923
W4309918093,11,C149923435,Demography,1,0.39199153
W4309918093,12,C74909509,Gerontology,1,0.38803566
W4309918093,13,C118552586,Psychiatry,1,0.14505902
W4309918093,14,C144024400,Sociology,0,0.14290792
W4309918093,15,C2779134260,Disease,2,0
W4309918093,16,C142724271,Pathology,1,0
W4309918093,17,C524204448,Infectious disease (medical specialty),3,0
W4309918093,18,C126322002,Internal medicine,1,0
W4309918123,1,C2778139618,Workforce,2,0.8738053
W4309918123,2,C134362201,Mental health,2,0.7845284
W4309918123,3,C2776867660,Depression (economics),2,0.63324505
W4309918123,4,C142052008,Cross-sectional study,2,0.58307564
W4309918123,5,C117568660,Multinomial logistic regression,2,0.5770795
W4309918123,6,C71924100,Medicine,0,0.5721789
W4309918123,7,C89623803,Pandemic,5,0.55360264
W4309918123,8,C138816342,Public health,2,0.48184097
W4309918123,9,C159110408,Nursing,1,0.4092856
W4309918123,10,C3008058167,Coronavirus disease 2019 (COVID-19),4,0.40658122
W4309918123,11,C512399662,Family medicine,1,0.399535
W4309918123,12,C118552586,Psychiatry,1,0.37344038
W4309918123,13,C2779134260,Disease,2,0.077138215
W4309918123,14,C17744445,Political science,0,0.07168943
W4309918123,15,C126322002,Internal medicine,1,0.07040301
W4309918123,16,C142724271,Pathology,1,0
W4309918123,17,C119857082,Machine learning,1,0
W4309918123,18,C41008148,Computer science,0,0
W4309918123,19,C524204448,Infectious disease (medical specialty),3,0
W4309918123,20,C199539241,Law,1,0
W4309918123,21,C162324750,Economics,0,0
W4309918123,22,C139719470,Macroeconomics,1,0
W4311012713,1,C3008058167,Coronavirus disease 2019 (COVID-19),4,0.8491526
W4311012713,2,C3006700255,2019-20 coronavirus outbreak,3,0.7008118
W4311012713,3,C3007834351,Severe acute respiratory syndrome coronavirus 2 (SARS-CoV-2),5,0.6208205
W4311012713,4,C2909376813,Coronavirus Infections,5,0.49734738
W4311012713,5,C2778137277,Betacoronavirus,5,0.46719337
W4311012713,6,C41008148,Computer science,0,0.46068174
W4311012713,7,C2522767166,Data science,1,0.45197296
W4311012713,8,C136764020,World Wide Web,1,0.34635
W4311012713,9,C159047783,Virology,1,0.32982796
W4311012713,10,C71924100,Medicine,0,0.3285585
W4311012713,11,C142724271,Pathology,1,0.14549354
W4311012713,12,C116675565,Outbreak,2,0.12180075
W4311012713,13,C524204448,Infectious disease (medical specialty),3,0.0825316
W4311012713,14,C2779134260,Disease,2,0
W4311646570,1,C2778139618,Workforce,2,0.8203434
W4311646570,2,C2780899237,Pension,2,0.81831867
W4311646570,3,C2778137410,Government (linguistics),2,0.6908091
W4311646570,4,C83645499,Punitive damages,2,0.67802906
W4311646570,5,C71924100,Medicine,0,0.4800971
W4311646570,6,C144133560,Business,0,0.323512
W4311646570,7,C17744445,Political science,0,0.24830145
W4311646570,8,C10138342,Finance,1,0.17555392
W4311646570,9,C199539241,Law,1,0.103007734
W4311646570,10,C41895202,Linguistics,1,0
W4311646570,11,C138885662,Philosophy,0,0
W4311647950,1,C41008148,Computer science,0,0.43795472
W4311647950,2,C2522767166,Data science,1,0.3711549
W4311647950,3,C136764020,World Wide Web,1,0.36184204
W4312000409,1,C2780587575,Misconduct,2,0.67068386
W4312000409,2,C195910791,Medical record,2,0.5261157
W4312000409,3,C108827166,Internet privacy,1,0.4808841
W4312000409,4,C136764020,World Wide Web,1,0.47309473
W4312000409,5,C41008148,Computer science,0,0.45573363
W4312000409,6,C2522767166,Data science,1,0.44632503
W4312000409,7,C71924100,Medicine,0,0.4359991
W4312000409,8,C141071460,Surgery,1,0.095641196
W4312000409,9,C17744445,Political science,0,0.09526312
W4312000409,10,C199539241,Law,1,0
W4312001609,1,C3008058167,Coronavirus disease 2019 (COVID-19),4,0.89593124
W4312001609,2,C89623803,Pandemic,5,0.79846513
W4312001609,3,C3006700255,2019-20 coronavirus outbreak,3,0.74908525
W4312001609,4,C3007834351,Severe acute respiratory syndrome coronavirus 2 (SARS-CoV-2),5,0.6820712
W4312001609,5,C2778137277,Betacoronavirus,5,0.53728205
W4312001609,6,C2909376813,Coronavirus Infections,5,0.50397533
W4312001609,7,C2522767166,Data science,1,0.39615783
W4312001609,8,C71924100,Medicine,0,0.34016126
W4312001609,9,C159047783,Virology,1,0.33479416
W4312001609,10,C41008148,Computer science,0,0.33110666
W4312001609,11,C116675565,Outbreak,2,0.1268571
W4312001609,12,C524204448,Infectious disease (medical specialty),3,0.09278718
W4312001609,13,C142724271,Pathology,1,0.08786073
W4312001609,14,C2779134260,Disease,2,0.073177665
W4312013715,1,C95121780,Scientific misconduct,3,0.6851339
W4312013715,2,C2780587575,Misconduct,2,0.66025174
W4312013715,3,C2994190893,Research integrity,2,0.48007232
W4312013715,4,C2522767166,Data science,1,0.44641575
W4312013715,5,C41008148,Computer science,0,0.42548564
W4312013715,6,C17744445,Political science,0,0.35916856
W4312013715,7,C71924100,Medicine,0,0.3260346
W4312013715,8,C204787440,Alternative medicine,2,0.19601172
W4312013715,9,C199539241,Law,1,0.19011375
W4312013715,10,C39549134,Public relations,1,0.16025963
W4312013715,11,C142724271,Pathology,1,0.060803056
W4312069303,1,C2781466463,Blame,2,0.94782245
W4312069303,2,C2778137410,Government (linguistics),2,0.7002072
W4312069303,3,C17744445,Political science,0,0.36790168
W4312069303,4,C3116431,Public administration,1,0.3530075
W4312069303,5,C42475967,Operations research,1,0.32093996
W4312069303,6,C71924100,Medicine,0,0.3201536
W4312069303,7,C127413603,Engineering,0,0.14027563
W4312069303,8,C138885662,Philosophy,0,0.10049936
W4312069303,9,C118552586,Psychiatry,1,0.06297842
W4312069303,10,C41895202,Linguistics,1,0.05798644
W4313448273,1,C2776839432,Statin,2,0.59925914
W4313448273,2,C71924100,Medicine,0,0.5504214
W4313448273,3,C2910980524,Hydroxymethylglutaryl-CoA Reductase Inhibitors,3,0.5310595
W4313448273,4,C41008148,Computer science,0,0.42931932
W4313448273,5,C1862650,Physical therapy,1,0.33784348
W4313448273,6,C126322002,Internal medicine,1,0.3342439
W4313448273,7,C60644358,Bioinformatics,1,0.3334657
W4313448273,8,C86803240,Biology,0,0.08088425
W4309908894,1,C74196892,Thematic analysis,3,0.68293583
W4309908894,2,C190248442,Qualitative research,2,0.6262152
W4309908894,3,C157660682,Accommodation,2,0.5190811
W4309908894,4,C89623803,Pandemic,5,0.51722014
W4309908894,5,C2778137410,Government (linguistics),2,0.51057110000000006
W4309908894,6,C2908647359,Population,2,0.47954413
W4309908894,7,C39549134,Public relations,1,0.41970462
W4309908894,8,C144024400,Sociology,0,0.37946868
W4309908894,9,C71924100,Medicine,0,0.35930774
W4309908894,10,C159110408,Nursing,1,0.33993846
W4309908894,11,C15744967,Psychology,0,0.2933361
W4309908894,12,C17744445,Political science,0,0.27469802
W4309908894,13,C3008058167,Coronavirus disease 2019 (COVID-19),4,0.19830117
W4309908894,14,C99454951,Environmental health,1,0.13272187
W4309908894,15,C36289849,Social science,1,0.097150296
W4309908894,16,C41895202,Linguistics,1,0
W4309908894,17,C138885662,Philosophy,0,0
W4309908894,18,C2779134260,Disease,2,0
W4309908894,19,C142724271,Pathology,1,0
W4309908894,20,C169760540,Neuroscience,1,0
W4309908894,21,C524204448,Infectious disease (medical specialty),3,0
W4309908896,1,C71750763,General partnership,2,0.7051342
W4309908896,2,C2779488668,Community resilience,3,0.61531407
W4309908896,3,C108170787,Agency (philosophy),2,0.57652915
W4309908896,4,C138816342,Public health,2,0.5103192
W4309908896,5,C102587632,Criminal justice,2,0.46817583
W4309908896,6,C39549134,Public relations,1,0.4646157
W4309908896,7,C137176749,Psychological resilience,2,0.45281994
W4309908896,8,C134362201,Mental health,2,0.44233397
W4309908896,9,C99454951,Environmental health,1,0.4117658
W4309908896,10,C144133560,Business,0,0.40252537
W4309908896,11,C71924100,Medicine,0,0.3525243
W4309908896,12,C159110408,Nursing,1,0.29097122
W4309908896,13,C15744967,Psychology,0,0.26112074
W4309908896,14,C17744445,Political science,0,0.23698497
W4309908896,15,C144024400,Sociology,0,0.2134409
W4309908896,16,C118552586,Psychiatry,1,0.17539486
W4309908896,17,C73484699,Criminology,1,0.15939045
W4309908896,18,C206345919,Resource (disambiguation),2,0.13406211
W4309908896,19,C77805123,Social psychology,1,0.10204592
W4309908896,20,C31258907,Computer network,1,0
W4309908896,21,C36289849,Social science,1,0
W4309908896,22,C10138342,Finance,1,0
W4309908896,23,C41008148,Computer science,0,0
W4309908903,1,C2780769345,Welsh,2,0.6760502
W4309908903,2,C149923435,Demography,1,0.6605841
W4309908903,3,C137403100,Ethnic group,2,0.6497939
W4309908903,4,C89623803,Pandemic,5,0.64810103
W4309908903,5,C71924100,Medicine,0,0.5823257
W4309908903,6,C45555294,Inequality,2,0.49026993
W4309908903,7,C151956035,Logistic regression,2,0.43912247
W4309908903,8,C3008058167,Coronavirus disease 2019 (COVID-19),4,0.3831122
W4309908903,9,C205649164,Geography,0,0.31329197
W4309908903,10,C17744445,Political science,0,0.09340677
W4309908903,11,C126322002,Internal medicine,1,0.09044662
W4309908903,12,C2779134260,Disease,2,0.074077874
W4309908903,13,C134306372,Mathematical analysis,1,0
W4309908903,14,C33923547,Mathematics,0,0
W4309908903,15,C166957645,Archaeology,1,0
W4309908903,16,C144024400,Sociology,0,0
W4309908903,17,C524204448,Infectious disease (medical specialty),3,0
W4309908903,18,C199539241,Law,1,0
W4309908959,1,C71924100,Medicine,0,0.8020313
W4309908959,2,C2781400479,Outreach,2,0.6459404
W4309908959,3,C121608353,Cancer,2,0.549087
W4309908959,4,C512399662,Family medicine,1,0.49355185
W4309908959,5,C89623803,Pandemic,5,0.4396475
W4309908959,6,C2780623531,Irish,2,0.43557677
W4309908959,7,C2780234812,Cancer prevention,3,0.4329213
W4309908959,8,C74909509,Gerontology,1,0.3656321
W4309908959,9,C3008058167,Coronavirus disease 2019 (COVID-19),4,0.24530548
W4309908959,10,C2779134260,Disease,2,0.23849079
W4309908959,11,C126322002,Internal medicine,1,0.17098561
W4309908959,12,C17744445,Political science,0,0
W4309908959,13,C524204448,Infectious disease (medical specialty),3,0
W4309908959,14,C199539241,Law,1,0
W4309908959,15,C41895202,Linguistics,1,0
W4309908959,16,C138885662,Philosophy,0,0
W4309909016,1,C22070199,Vaccination,2,0.7733718
W4309909016,2,C71924100,Medicine,0,0.67601657
W4309909016,3,C137403100,Ethnic group,2,0.6174937
W4309909016,4,C149923435,Demography,1,0.61170775
W4309909016,5,C27415008,Psychological intervention,2,0.56043756
W4309909016,6,C2908647359,Population,2,0.52688956
W4309909016,7,C512399662,Family medicine,1,0.4421119
W4309909016,8,C74909509,Gerontology,1,0.3356328
W4309909016,9,C99454951,Environmental health,1,0.19631019
W4309909016,10,C203014093,Immunology,1,0.1295631
W4309909016,11,C159110408,Nursing,1,0.128396
W4309909016,12,C144024400,Sociology,0,0
W4309909016,13,C19165224,Anthropology,1,0
W4309909038,1,C2779363792,Coaching,2,0.71686596
W4309909038,2,C134362201,Mental health,2,0.6967957
W4309909038,3,C15744967,Psychology,0,0.59495467
W4309909038,4,C87156501,Qualitative property,2,0.5488069
W4309909038,5,C2777359053,Face-to-face,2,0.52720505
W4309909038,6,C75630572,Applied psychology,1,0.47079483
W4309909038,7,C2779902066,Health coaching,3,0.4118781
W4309909038,8,C71924100,Medicine,0,0.32682174
W4309909038,9,C118552586,Psychiatry,1,0.19529194
W4309909038,10,C138885662,Philosophy,0,0
W4309909038,11,C111472728,Epistemology,1,0
W4309909038,12,C119857082,Machine learning,1,0
W4309909038,13,C41008148,Computer science,0,0
W4309909038,14,C542102704,Psychotherapist,1,0
W4309918070,1,C89623803,Pandemic,5,0.7991338
W4309918070,2,C72563966,Cohort,2,0.6550378
W4309918070,3,C71924100,Medicine,0,0.60505176
W4309918070,4,C201903717,Cohort study,2,0.55589557
W4309918070,5,C134362201,Mental health,2,0.53050256
W4309918070,6,C151956035,Logistic regression,2,0.5199179
W4309918070,7,C143095724,Odds,3,0.5044328
W4309918070,8,C138816342,Public health,2,0.44566524
W4309918070,9,C156957248,Odds ratio,2,0.43437976
W4309918070,10,C149923435,Demography,1,0.40501317
W4309918070,11,C3008058167,Coronavirus disease 2019 (COVID-19),4,0.37212253
W4309918070,12,C512399662,Family medicine,1,0.34745044
W4309918070,13,C118552586,Psychiatry,1,0.16772726
W4309918070,14,C159110408,Nursing,1,0.14472103
W4309918070,15,C126322002,Internal medicine,1,0.10690567
W4309918070,16,C144024400,Sociology,0,0.078189164
W4309918070,17,C2779134260,Disease,2,0
W4309918070,18,C524204448,Infectious disease (medical specialty),3,0
W4309918076,1,C2909024267,Interrupted Time Series Analysis,2,0.8402508
W4309918076,2,C2780089965,Interrupted time series,3,0.62713045
W4309918076,3,C71924100,Medicine,0,0.59782594
W4309918076,4,C149923435,Demography,1,0.56765014
W4309918076,5,C3019635848,Alcohol consumption,3,0.5324961
W4309918076,6,C2908647359,Population,2,0.49853086
W4309918076,7,C2985695025,Road traffic,2,0.46639842
W4309918076,8,C122637931,Unit (ring theory),2,0.45727116
W4309918076,9,C99454951,Environmental health,1,0.32039982
W4309918076,10,C2781066024,Alcohol,2,0.22758484
W4309918076,11,C27415008,Psychological intervention,2,0.19703525
W4309918076,12,C22212356,Transport engineering,1,0.16382536
W4309918076,13,C15744967,Psychology,0,0.12627798
W4309918076,14,C105795698,Statistics,1,0.097753406
W4309918076,15,C33923547,Mathematics,0,0.084499896
W4309918076,16,C55493867,Biochemistry,1,0
W4309918076,17,C185592680,Chemistry,0,0
W4309918076,18,C145420912,Mathematics education,1,0
W4309918076,19,C118552586,Psychiatry,1,0
W4309918076,20,C144024400,Sociology,0,0
W4309918076,21,C127413603,Engineering,0,0
W4309918111,1,C46934059,Outsourcing,2,0.76618224
W4309918111,2,C23131810,Observational study,2,0.6270622
W4309918111,3,C143095724,Odds,3,0.62586117
W4309918111,4,C144133560,Business,0,0.5066765
W4309918111,5,C156957248,Odds ratio,2,0.48346004
W4309918111,6,C2993939581,Local authority,2,0.46439248
W4309918111,7,C116537,Service provider,3,0.4444235
W4309918111,8,C2777895361,Longitudinal study,2,0.42577776
W4309918111,9,C71924100,Medicine,0,0.36338496
W4309918111,10,C159110408,Nursing,1,0.33734977
W4309918111,11,C3116431,Public administration,1,0.23207232
W4309918111,12,C162853370,Marketing,1,0.22892693
W4309918111,13,C2780378061,Service (business),2,0.19802451
W4309918111,14,C17744445,Political science,0,0.15410304
W4309918111,15,C151956035,Logistic regression,2,0.15001458
W4309918111,16,C142724271,Pathology,1,0
W4309918111,17,C126322002,Internal medicine,1,0
W4309918130,1,C134362201,Mental health,2,0.71430814
W4309918130,2,C74196892,Thematic analysis,3,0.62193406
W4309918130,3,C15744967,Psychology,0,0.4801071
W4309918130,4,C190248442,Qualitative research,2,0.4544724
W4309918130,5,C2777589236,Boredom,2,0.44425797
W4309918130,6,C2779998236,Loneliness,2,0.4389658
W4309918130,7,C71924100,Medicine,0,0.3632087
W4309918130,8,C118552586,Psychiatry,1,0.31151685
W4309918130,9,C77805123,Social psychology,1,0.16741928
W4309918130,10,C36289849,Social science,1,0
W4309918130,11,C144024400,Sociology,0,0
W4309918171,1,C71924100,Medicine,0,0.7334548
W4309918171,2,C2778345441,Meal,2,0.7072902
W4309918171,3,C40438245,Calorie,2,0.5873212
W4309918171,4,C142052008,Cross-sectional study,2,0.51769686
W4309918171,5,C99454951,Environmental health,1,0.4624728
W4309918171,6,C2776005156,School meal,2,0.42022687
W4309918171,7,C187212893,Pediatrics,1,0.38937557
W4309918171,8,C149923435,Demography,1,0.38932747
W4309918171,9,C126322002,Internal medicine,1,0.097210675
W4309918171,10,C142724271,Pathology,1,0
W4309918171,11,C144024400,Sociology,0,0
W4311642373,1,C2780495726,Estate,2,0.7041035
W4311642373,2,C2522767166,Data science,1,0.3982972
W4311642373,3,C71924100,Medicine,0,0.38734198
W4311642373,4,C41008148,Computer science,0,0.32224953
W4311642373,5,C144133560,Business,0,0.20159504
W4311642373,6,C10138342,Finance,1,0.13215503
W4311649060,1,C2778681941,Coroner,4,0.96862483
W4311649060,2,C194051981,Economic shortage,3,0.7632662
W4311649060,3,C2776289891,Neglect,2,0.69391245
W4311649060,4,C71924100,Medicine,0,0.51435745
W4311649060,5,C187212893,Pediatrics,1,0.44767866
W4311649060,6,C545542383,Medical emergency,1,0.38354954
W4311649060,7,C526869908,Suicide prevention,3,0.23428789
W4311649060,8,C3017944768,Poison control,2,0.2199986
W4311649060,9,C159110408,Nursing,1,0.21624437
W4311649060,10,C41895202,Linguistics,1,0
W4311649060,11,C138885662,Philosophy,0,0
W4311649060,12,C2778137410,Government (linguistics),2,0
W4311814553,1,C41008148,Computer science,0,0.51417375
W4311814553,2,C2522767166,Data science,1,0.42116073
W4311814553,3,C144133560,Business,0,0.40558094
W4311814553,4,C136764020,World Wide Web,1,0.35783
W4311864901,1,C17744445,Political science,0,0.3962404
W4311864901,2,C41008148,Computer science,0,0.38559133
W4311864901,3,C71924100,Medicine,0,0.3720566
W4311865062,1,C2778449503,Appeal,2,0.7460177
W4311865062,2,C2522767166,Data science,1,0.4185697
W4311865062,3,C136764020,World Wide Web,1,0.3803327
W4311865062,4,C71924100,Medicine,0,0.3652767
W4311865062,5,C41008148,Computer science,0,0.32321823
W4311865062,6,C17744445,Political science,0,0.19941124
W4311865062,7,C199539241,Law,1,0.063106656
W4311867868,1,C76509639,Race (biology),2,0.717883
W4311867868,2,C89992363,Track (disk drive),2,0.658375
W4311867868,3,C45555294,Inequality,2,0.6058457
W4311867868,4,C41008148,Computer science,0,0.5004668
W4311867868,5,C2776078045,Fast track,2,0.4388573
W4311867868,6,C2522767166,Data science,1,0.39510936
W4311867868,7,C71924100,Medicine,0,0.3591749
W4311867868,8,C144024400,Sociology,0,0.15470555
W4311867868,9,C107993555,Gender studies,1,0.13920975
W4311867868,10,C141071460,Surgery,1,0.08020526
W4311867868,11,C33923547,Mathematics,0,0.07283765
W4311867868,12,C134306372,Mathematical analysis,1,0
W4311867868,13,C111919701,Operating system,1,0
W4311881575,1,C41008148,Computer science,0,0.47324356
W4311881575,2,C71924100,Medicine,0,0.42065653
W4311881575,3,C38652104,Computer security,1,0.3865943
W4311881575,4,C136764020,World Wide Web,1,0.3422653
W4311881575,5,C545542383,Medical emergency,1,0.32728225
W4311995659,1,C89623803,Pandemic,5,0.6633378
W4311995659,2,C3008058167,Coronavirus disease 2019 (COVID-19),4,0.57226247
W4311995659,3,C3006700255,2019-20 coronavirus outbreak,3,0.48833153
W4311995659,4,C3007834351,Severe acute respiratory syndrome coronavirus 2 (SARS-CoV-2),5,0.4491819
W4311995659,5,C17744445,Political science,0,0.41115406
W4311995659,6,C41008148,Computer science,0,0.32320964
W4311995659,7,C71924100,Medicine,0,0.2902053
W4311995659,8,C159047783,Virology,1,0.28535408
W4311995659,9,C2779134260,Disease,2,0
W4311995659,10,C142724271,Pathology,1,0
W4311995659,11,C116675565,Outbreak,2,0
W4311995659,12,C524204448,Infectious disease (medical specialty),3,0
W4312007614,1,C41008148,Computer science,0,0.40010804
W4312017276,1,C148043351,Current (fluid),2,0.6545972
W4312017276,2,C41008148,Computer science,0,0.48106623
W4312017276,3,C2522767166,Data science,1,0.4542374
W4312017276,4,C42475967,Operations research,1,0.34291786
W4312017276,5,C71924100,Medicine,0,0.3325261
W4312017276,6,C39549134,Public relations,1,0.33075804
W4312017276,7,C17744445,Political science,0,0.2309728
W4312017276,8,C127413603,Engineering,0,0.104034424
W4312017276,9,C119599485,Electrical engineering,1,0.0464603
W4312080723,1,C194051981,Economic shortage,3,0.7468935
W4312080723,2,C2780722889,Cholera,2,0.710419
W4312080723,3,C3008058167,Coronavirus disease 2019 (COVID-19),4,0.5053223
W4312080723,4,C2909791563,Face masks,5,0.45009124
W4312080723,5,C3006700255,2019-20 coronavirus outbreak,3,0.41900313
W4312080723,6,C71924100,Medicine,0,0.40131426
W4312080723,7,C2522767166,Data science,1,0.3872397
W4312080723,8,C41008148,Computer science,0,0.33252692
W4312080723,9,C159047783,Virology,1,0.32578465
W4312080723,10,C142724271,Pathology,1,0.102641225
W4312080723,11,C2778137410,Government (linguistics),2,0.10143542
W4312080723,12,C116675565,Outbreak,2,0.091855556
W4312080723,13,C524204448,Infectious disease (medical specialty),3,0.07430598
W4312080723,14,C41895202,Linguistics,1,0
W4312080723,15,C138885662,Philosophy,0,0
W4312080723,16,C2779134260,Disease,2,0
W4313294395,1,C194051981,Economic shortage,3,0.860839
W4313294395,2,C174802600,Penicillin,3,0.83499014
W4313294395,3,C71924100,Medicine,0,0.49876666
W4313294395,4,C41008148,Computer science,0,0.39654917
W4313294395,5,C177713679,Intensive care medicine,1,0.38009137
W4313294395,6,C2522767166,Data science,1,0.33183026
W4313294395,7,C501593827,Antibiotics,2,0.25760162
W4313294395,8,C89423630,Microbiology,1,0.12976289
W4313294395,9,C86803240,Biology,0,0.05442378
W4313294395,10,C41895202,Linguistics,1,0
W4313294395,11,C138885662,Philosophy,0,0
W4313294395,12,C2778137410,Government (linguistics),2,0
W4313448010,1,C146357865,Stage (stratigraphy),2,0.60304344
W4313448010,2,C2780378061,Service (business),2,0.5329944
W4313448010,3,C2986740045,Health services,3,0.47345442
W4313448010,4,C42475967,Operations research,1,0.40603718
W4313448010,5,C71924100,Medicine,0,0.38756156
W4313448010,6,C17744445,Political science,0,0.3309601
W4313448010,7,C99454951,Environmental health,1,0.18707219
W4313448010,8,C144133560,Business,0,0.14604434
W4313448010,9,C127413603,Engineering,0,0.1411646
W4313448010,10,C86803240,Biology,0,0.103506625
W4313448010,11,C151730666,Paleontology,1,0
W4313448010,12,C2908647359,Population,2,0
W4313448010,13,C162853370,Marketing,1,0
W4210498823,1,C94625758,Politics,2,0.693612
W4210498823,2,C132651083,Climate change,2,0.58178675
W4210498823,3,C66204764,Sustainability,2,0.57372457
W4210498823,4,C2780791683,Action (physics),2,0.5724294
W4210498823,5,C17744445,Political science,0,0.5385462
W4210498823,6,C2780616401,Cornerstone,2,0.5334744
W4210498823,7,C2780422510,Humanity,2,0.44229656
W4210498823,8,C105152847,Call to action,2,0.4239198
W4210498823,9,C95124753,Environmental ethics,1,0.36311588
W4210498823,10,C50522688,Economic growth,1,0.33598906
W4210498823,11,C205649164,Geography,0,0.27848
W4210498823,12,C144133560,Business,0,0.27844742
W4210498823,13,C18903297,Ecology,1,0.14018178
W4210498823,14,C199539241,Law,1,0.11399263
W4210498823,15,C162324750,Economics,0,0.11377078
W4210498823,16,C86803240,Biology,0,0.083476186
W4210498823,17,C138885662,Philosophy,0,0
W4210498823,18,C121332964,Physics,0,0
W4210498823,19,C166957645,Archaeology,1,0
W4210498823,20,C62520636,Quantum mechanics,1,0
W4210498823,21,C162853370,Marketing,1,0
W4309908942,1,C137403100,Ethnic group,2,0.69269824
W4309908942,2,C74196892,Thematic analysis,3,0.59763813
W4309908942,3,C139838865,Racism,2,0.551527
W4309908942,4,C199033989,Narrative,2,0.49692062
W4309908942,5,C2250968,Health equity,3,0.49596748
W4309908942,6,C190248442,Qualitative research,2,0.43146956
W4309908942,7,C15744967,Psychology,0,0.41107762
W4309908942,8,C144024400,Sociology,0,0.4085671
W4309908942,9,C138816342,Public health,2,0.40578237
W4309908942,10,C509550671,Medical education,1,0.38941795
W4309908942,11,C39549134,Public relations,1,0.38341358
W4309908942,12,C71924100,Medicine,0,0.27432424
W4309908942,13,C17744445,Political science,0,0.20469287
W4309908942,14,C159110408,Nursing,1,0.19902524
W4309908942,15,C107993555,Gender studies,1,0.18998736
W4309908942,16,C36289849,Social science,1,0.13506466
W4309908942,17,C41895202,Linguistics,1,0
W4309908942,18,C138885662,Philosophy,0,0
W4309908942,19,C19165224,Anthropology,1,0
W4309918088,1,C71924100,Medicine,0,0.79077625
W4309918088,2,C61511704,Incidence (geometry),2,0.71575356
W4309918088,3,C149923435,Demography,1,0.65492356
W4309918088,4,C2908647359,Population,2,0.6144602
W4309918088,5,C89623803,Pandemic,5,0.60995305
W4309918088,6,C3008058167,Coronavirus disease 2019 (COVID-19),4,0.45635748
W4309918088,7,C187212893,Pediatrics,1,0.39607638
W4309918088,8,C2779134260,Disease,2,0.2882176
W4309918088,9,C99454951,Environmental health,1,0.19899422
W4309918088,10,C126322002,Internal medicine,1,0.16993618
W4309918088,11,C524204448,Infectious disease (medical specialty),3,0.13601613
W4309918088,12,C121332964,Physics,0,0
W4309918088,13,C144024400,Sociology,0,0
W4309918088,14,C120665830,Optics,1,0
W4309918106,1,C74196892,Thematic analysis,3,0.59862727
W4309918106,2,C159110408,Nursing,1,0.5206727
W4309918106,3,C160735492,Health care,2,0.5061509
W4309918106,4,C71924100,Medicine,0,0.49177435
W4309918106,5,C190248442,Qualitative research,2,0.48509824
W4309918106,6,C138816342,Public health,2,0.47360468
W4309918106,7,C2908647359,Population,2,0.4256148
W4309918106,8,C15744967,Psychology,0,0.35925022
W4309918106,9,C39549134,Public relations,1,0.34998518
W4309918106,10,C99454951,Environmental health,1,0.21858448
W4309918106,11,C144024400,Sociology,0,0.16331223
W4309918106,12,C17744445,Political science,0,0.14436841
W4309918106,13,C36289849,Social science,1,0
W4309918106,14,C199539241,Law,1,0
W4312068935,1,C2780822299,Soul,2,0.76846755
W4312068935,2,C1517167,Sight,2,0.7290428
W4312068935,3,C37531588,Exhibition,2,0.6105156
W4312068935,4,C25343380,Relation (database),2,0.60206527
W4312068935,5,C26760741,Perception,2,0.55914056
W4312068935,6,C15744967,Psychology,0,0.415242
W4312068935,7,C107038049,Aesthetics,1,0.36125562
W4312068935,8,C188147891,Cognitive science,1,0.3540548
W4312068935,9,C11171543,Psychoanalysis,1,0.3201094
W4312068935,10,C111472728,Epistemology,1,0.2902986
W4312068935,11,C95457728,History,0,0.28724778
W4312068935,12,C138885662,Philosophy,0,0.27299976
W4312068935,13,C52119013,Art history,1,0.26819748
W4312068935,14,C169760540,Neuroscience,1,0.25629827
W4312068935,15,C41008148,Computer science,0,0.07907647
W4312068935,16,C121332964,Physics,0,0
W4312068935,17,C1276947,Astronomy,1,0
W4312068935,18,C77088390,Database,1,0
W4212914338,1,C2522767166,Data science,1,0.4799926
W4212914338,2,C45555294,Inequality,2,0.46983716
W4212914338,3,C41008148,Computer science,0,0.4599044
W4212914338,4,C2993838110,Medical school,2,0.43531466
W4212914338,5,C71924100,Medicine,0,0.36431915
W4212914338,6,C509550671,Medical education,1,0.24517643
W4212914338,7,C33923547,Mathematics,0,0.10101318
W4212914338,8,C134306372,Mathematical analysis,1,0
W4309908911,1,C142795923,Soundscape,3,0.8833978
W4309908911,2,C74196892,Thematic analysis,3,0.71932447
W4309908911,3,C15744967,Psychology,0,0.5354818
W4309908911,4,C2776640315,Respondent,2,0.534944
W4309908911,5,C3008058167,Coronavirus disease 2019 (COVID-19),4,0.41778126
W4309908911,6,C138496976,Developmental psychology,1,0.397585
W4309908911,7,C77805123,Social psychology,1,0.32436833
W4309908911,8,C71924100,Medicine,0,0.22940001
W4309908911,9,C190248442,Qualitative research,2,0.21812093
W4309908911,10,C144024400,Sociology,0,0.16508406
W4309908911,11,C203718221,Sound (geography),2,0.1457726
W4309908911,12,C24890656,Acoustics,1,0.12281972
W4309908911,13,C2779134260,Disease,2,0.07525152
W4309908911,14,C36289849,Social science,1,0
W4309908911,15,C121332964,Physics,0,0
W4309908911,16,C17744445,Political science,0,0
W4309908911,17,C199539241,Law,1,0
W4309908911,18,C142724271,Pathology,1,0
W4309908911,19,C524204448,Infectious disease (medical specialty),3,0
W4309908953,1,C134362201,Mental health,2,0.7325173
W4309908953,2,C2779998236,Loneliness,2,0.5572804
W4309908953,3,C56995899,Focus group,2,0.5287114
W4309908953,4,C165347436,Project commissioning,3,0.431285
W4309908953,5,C15744967,Psychology,0,0.4056483
W4309908953,6,C159110408,Nursing,1,0.40505016
W4309908953,7,C71924100,Medicine,0,0.3760255
W4309908953,8,C144024400,Sociology,0,0.2560553
W4309908953,9,C17744445,Political science,0,0.20937192
W4309908953,10,C118552586,Psychiatry,1,0.18799981
W4309908953,11,C151719136,Publishing,2,0.15033993
W4309908953,12,C19165224,Anthropology,1,0
W4309908953,13,C199539241,Law,1,0
W4309918108,1,C56995899,Focus group,2,0.7746365
W4309918108,2,C2776579836,Voluntary sector,2,0.6274417
W4309918108,3,C173145845,Refugee,2,0.50855625
W4309918108,4,C3987366,Livelihood,3,0.46667257
W4309918108,5,C39549134,Public relations,1,0.46129808
W4309918108,6,C2780623907,Disadvantaged,2,0.4596872
W4309918108,7,C190248442,Qualitative research,2,0.453753
W4309918108,8,C144024400,Sociology,0,0.40950695
W4309918108,9,C17744445,Political science,0,0.29997826
W4309918108,10,C205649164,Geography,0,0.13137147
W4309918108,11,C36289849,Social science,1,0.108748496
W4309918108,12,C19165224,Anthropology,1,0
W4309918108,13,C199539241,Law,1,0
W4309918108,14,C166957645,Archaeology,1,0
W4309918108,15,C118518473,Agriculture,2,0
